{
  "tcp": {
    "runs": 1,
    "throughput_avg": 23582.990234,
    "throughput_min": 23582.990234,
    "throughput_max": 23582.990234,
    "p95_avg": 10.479342,
    "p95_min": 10.479342,
    "p95_max": 10.479342,
    "wall_avg": 10.855282
  }
}